Datetime,Water Level (m)
2025-02-17 12:00:00,0.09040929
2025-02-17 13:00:00,-0.13582449
2025-02-17 14:00:00,-0.32201207
2025-02-17 15:00:00,-0.48435846
2025-02-17 16:00:00,-0.615562
2025-02-17 17:00:00,-0.69585854
2025-02-17 18:00:00,-0.57147026
2025-02-17 19:00:00,-0.26767206
2025-02-17 20:00:00,0.05388961
2025-02-17 21:00:00,0.3014401
2025-02-17 22:00:00,0.42391455
2025-02-17 23:00:00,0.33050218
2025-02-18 00:00:00,0.07678387
2025-02-18 01:00:00,-0.15523148
2025-02-18 02:00:00,-0.35341403
2025-02-18 03:00:00,-0.5263231
2025-02-18 04:00:00,-0.6674436
2025-02-18 05:00:00,-0.774251
2025-02-18 06:00:00,-0.72226024
2025-02-18 07:00:00,-0.43509698
2025-02-18 08:00:00,-0.14464062
2025-02-18 09:00:00,0.10656878
2025-02-18 10:00:00,0.2760104
2025-02-18 11:00:00,0.30455175
2025-02-18 12:00:00,0.15348452
2025-02-18 13:00:00,-0.067885205
2025-02-18 14:00:00,-0.26240757
2025-02-18 15:00:00,-0.4306499
2025-02-18 16:00:00,-0.5699724
2025-02-18 17:00:00,-0.6687869
2025-02-18 18:00:00,-0.6387281
2025-02-18 19:00:00,-0.35515082
2025-02-18 20:00:00,-0.07403067
2025-02-18 21:00:00,0.16424268
2025-02-18 22:00:00,0.29935208
2025-02-18 23:00:00,0.2749881
2025-02-19 00:00:00,0.076532595
2025-02-19 01:00:00,-0.14179054
2025-02-19 02:00:00,-0.33080456
2025-02-19 03:00:00,-0.49762926
2025-02-19 04:00:00,-0.6366679
2025-02-19 05:00:00,-0.74796325
2025-02-19 06:00:00,-0.7944998
2025-02-19 07:00:00,-0.5983412
2025-02-19 08:00:00,-0.33178046
2025-02-19 09:00:00,-0.06904787
2025-02-19 10:00:00,0.133138
2025-02-19 11:00:00,0.23895155
2025-02-19 12:00:00,0.19707356
2025-02-19 13:00:00,0.0131154265
2025-02-19 14:00:00,-0.18220878
2025-02-19 15:00:00,-0.3524627
2025-02-19 16:00:00,-0.4921124
2025-02-19 17:00:00,-0.5953257
2025-02-19 18:00:00,-0.6304395
2025-02-19 19:00:00,-0.46386462
2025-02-19 20:00:00,-0.23294914
2025-02-19 21:00:00,-0.011842522
2025-02-19 22:00:00,0.13593546
2025-02-19 23:00:00,0.18027687
2025-02-20 00:00:00,0.06890324
2025-02-20 01:00:00,-0.12873013
2025-02-20 02:00:00,-0.3125812
2025-02-20 03:00:00,-0.47635305
2025-02-20 04:00:00,-0.6148472
2025-02-20 05:00:00,-0.72396004
2025-02-20 06:00:00,-0.7955816
2025-02-20 07:00:00,-0.73634017
2025-02-20 08:00:00,-0.5148572
2025-02-20 09:00:00,-0.28239688
2025-02-20 10:00:00,-0.07572743
2025-02-20 11:00:00,0.07009455
2025-02-20 12:00:00,0.13038895
2025-02-20 13:00:00,0.06246264
2025-02-20 14:00:00,-0.10435777
2025-02-20 15:00:00,-0.26838785
2025-02-20 16:00:00,-0.4144054
2025-02-20 17:00:00,-0.52392566
2025-02-20 18:00:00,-0.5963208
2025-02-20 19:00:00,-0.58550286
2025-02-20 20:00:00,-0.4333568
2025-02-20 21:00:00,-0.2573877
2025-02-20 22:00:00,-0.1082876
2025-02-20 23:00:00,-0.026240602
2025-02-21 00:00:00,-0.030885532
2025-02-21 01:00:00,-0.15258467
2025-02-21 02:00:00,-0.3131848
2025-02-21 03:00:00,-0.4684225
2025-02-21 04:00:00,-0.6015621
2025-02-21 05:00:00,-0.70842457
2025-02-21 06:00:00,-0.78536755
2025-02-21 07:00:00,-0.79664457
2025-02-21 08:00:00,-0.66511935
2025-02-21 09:00:00,-0.48091128
2025-02-21 10:00:00,-0.29246473
2025-02-21 11:00:00,-0.13156126
2025-02-21 12:00:00,-0.017205624
2025-02-21 13:00:00,0.034699917
2025-02-21 14:00:00,0.0035665203
2025-02-21 15:00:00,-0.11268838
2025-02-21 16:00:00,-0.24670137
2025-02-21 17:00:00,-0.36960706
2025-02-21 18:00:00,-0.46342272
2025-02-21 19:00:00,-0.5114056
2025-02-21 20:00:00,-0.49841312
2025-02-21 21:00:00,-0.4093581
2025-02-21 22:00:00,-0.29914376
2025-02-21 23:00:00,-0.20788993
2025-02-22 00:00:00,-0.16451462
2025-02-22 01:00:00,-0.18939517
2025-02-22 02:00:00,-0.28682688
2025-02-22 03:00:00,-0.41035149
2025-02-22 04:00:00,-0.5269044
2025-02-22 05:00:00,-0.62839365
2025-02-22 06:00:00,-0.70884764
2025-02-22 07:00:00,-0.7676961
2025-02-22 08:00:00,-0.78813595
2025-02-22 09:00:00,-0.7165064
2025-02-22 10:00:00,-0.57233256
2025-02-22 11:00:00,-0.41071582
2025-02-22 12:00:00,-0.24833195
2025-02-22 13:00:00,-0.09736396
2025-02-22 14:00:00,0.0015588334
2025-02-22 15:00:00,0.03595399
2025-02-22 16:00:00,-0.0019043939
2025-02-22 17:00:00,-0.120578356
2025-02-22 18:00:00,-0.25260922
2025-02-22 19:00:00,-0.37244353
2025-02-22 20:00:00,-0.4712675
2025-02-22 21:00:00,-0.5394986
2025-02-22 22:00:00,-0.56974095
2025-02-22 23:00:00,-0.5525198
2025-02-23 00:00:00,-0.47681263
2025-02-23 01:00:00,-0.37615976
2025-02-23 02:00:00,-0.30134258
2025-02-23 03:00:00,-0.270549
2025-02-23 04:00:00,-0.3000837
2025-02-23 05:00:00,-0.3877206
2025-02-23 06:00:00,-0.5000359
2025-02-23 07:00:00,-0.61238563
2025-02-23 08:00:00,-0.7110902
2025-02-23 09:00:00,-0.785367
2025-02-23 10:00:00,-0.808565
2025-02-23 11:00:00,-0.7109887
2025-02-23 12:00:00,-0.5310971
